,electricity,europe,bavaria
0,0.4220428466796875,0.6108556389808655,0.00038247229531407356
1,0.4454590082168579,1.3676578998565674,0.00037534013972617686
2,0.1608525961637497,0.48175814747810364,0.0007834903080947697
3,0.10821335762739182,0.4974358379840851,0.00037911877734586596
4,0.19223937392234802,0.5089874267578125,0.0002847113355528563
