Dataset,MSE,MAE
ELD,0.06677505913479574,0.037442001032418216
Bavaria,0.02291652250901929,0.02199864054897002
GP2,0.08251036896274008,0.037434005788688
