Dataset,Timesteps,Num. Series,Mean Val.,Mean Test,Mean (SD) Val.,Mean (SD) Test
ELD,8761.0,348.0,0.34180787205696106,0.0924135223031044,1.182403564453125,1.0635943412780762
Bavaria,14142.0,59.0,1.9036895036697388,2.5892441272735596,0.3078852891921997,0.6259676218032837
GP2,14621.0,1454.0,0.014424975961446762,-0.08509956300258636,1.0927189588546753,1.177493929862976
