,ELD,Bavaria,GP2
MSE,1.0117338173064256,1.2652091562117274,1.6885327726678012
MAE,0.21245751748824201,11914695810259.67,260616391162.18927
