,MSE,MAE
ELD,1.0117338173064256,0.7085988903287176
Bavaria,1.2652091562117274,0.9159775979784512
GP2,1.8687219379808,0.9361216904988938
