Learning Scenario,NHiTS,Transformer,TSMixer,iTransformer
Zero-Shot,172535.90211912512,3.384655222423364,3.9713101491906833,1.162248780330022
Short-TL,59.62081329828546,0.6676140450345267,0.4955506294677745,0.2787542545896334
Full-TL,0.44232464007206024,0.6413738899608333,0.288564617516648,0.2185612183238845
Short training,1.41573139868461,0.6675579255259594,0.511216047734133,0.2842573642265051
Full training,0.44665728869347315,0.6411064758540642,0.3005353257534749,0.2200281010203374
Overall Mean [MSE],34519.565529150175,1.2004615117597497,1.1134353539325426,0.43276994369807653
Mean Jumpstart Zero-Shot,-99.99917945692387,-80.27692980060766,-87.12726962817764,-75.5424682703655
Mean Jumpstart TL,-97.62544098215895,-0.008405980818515513,3.1612144823997657,1.9741796030963155
Mean Asymptotic Perf.,0.9795178086183576,-0.04169394965320983,4.148363143009481,0.6711541542924193
