,NHiTS,Transformer,TSMixer,iTransformer
Zero-Shot,3.8554518883088735,3.2653729971308016,3.9713101491906833,1.162248780330022
Short-TL,0.5329175349273945,0.5850969073517661,0.4955506294677745,0.2787542545896334
Full-TL,0.4491885935439705,0.5049861995175157,0.288564617516648,0.2185612183238845
Short training,0.47865229931727554,0.632078114567335,0.511216047734133,0.2842573642265051
Full training,0.44665728869347315,0.7214888651785395,0.3005353257534749,0.2200281010203374
Overall Mean [MSE],1.1525735209581973,1.1418046167491915,1.1134353539325426,0.43276994369807653
Mean Jumpstart Zero-Shot,-87.58505323931747,-80.64300417983718,-87.12726962817764,-75.5424682703655
Mean Jumpstart TL,-10.182670310803733,8.02964545278706,3.1612144823997657,1.9741796030963155
Mean Asymptotic Perf.,-0.5635283012255687,42.87298660198622,4.148363143009481,0.6711541542924193
