Source,Learning_scenario,NHiTS,Transformer,TSMixer,iTransformer,TimeGPT,Mean MSE
ELD,Zero-Shot,0.0016191462546527,0.0016183322449885,0.0020457738056861,0.1950434446334839,0.0229165225090192,0.04464864388956608
ELD,four_weeks_tl,0.0004697009888221,0.000492151355047,0.0005212843547352,0.0008369934512302,,0.000580032537458625
ELD,full_tl,0.0002851175757755,0.0003277912270884,0.0002761349128239,0.0002552048244979,,0.000286062135046425
GP2,Zero-Shot,0.0016531845999865,0.0017006591593654,0.0013325940491278,0.2329590916633606,0.0229165225090192,0.05211241039617189
GP2,four_weeks_tl,0.0003885314555315,0.0004876115417987,0.0004816715347646,0.0004228723701089,,0.000445171725550925
GP2,full_tl,0.0002770908082848,0.0003257202297942,0.0002731097425346,0.0003090642567258,,0.00029624625933485
Bavaria,four_weeks_training,0.000355058487168,0.0005023987088627,0.0005040178265048,0.0013149438891559,,0.00066910472792285
Bavaria,full_training,0.0002838999446132,0.0003151470336199,0.0003042705153334,0.0002394128241576,,0.000285682579431025
Overall mean,All experiments,0.0006664662643542876,0.0007212264375706001,0.0007173570926888001,0.053922628489090095,0.0229165225090192,0.012415419281310335
