Source,Learning_scenario,NHiTS,Transformer,TSMixer,iTransformer,TimeGPT,Mean MSE
ELD,Zero-Shot,0.0016191462546527,0.0016122349553563,0.0020457738056861,0.1950434446334839,0.0229165225090192,0.04464742443163964
ELD,four_weeks_tl,0.0004697009888221,0.0004891330762678,0.0005212843547352,0.0008369934512302,,0.000579277967763825
ELD,full_tl,0.0002851175757755,0.000327404461986,0.0002761349128239,0.0002552048244979,,0.000285965443770825
GP2,Zero-Shot,0.0016531845999865,0.0016891515975161,0.0013325940491278,0.2329590916633606,0.0229165225090192,0.05211010888380204
GP2,four_weeks_tl,0.0003885314555315,0.0004880705692247,0.0004816715347646,0.0004228723701089,,0.000445286482407425
GP2,full_tl,0.0002770908082848,0.0003193408806785,0.0002731097425346,0.0003090642567258,,0.000294651422055925
Bavaria,four_weeks_training,0.000355058487168,0.0004976957587297,0.0005040178265048,0.0013149438891559,,0.0006679289903896
Bavaria,full_training,0.0002838999446132,0.0003184841338583,0.0003042705153334,0.0002394128241576,,0.000286516854490625
Overall mean,All experiments,0.0006664662643542876,0.0007176894292021751,0.0007173570926888001,0.053922628489090095,0.0229165225090192,0.01241464505953999
