Source,Learning_scenario,NHiTS,Transformer,TSMixer,iTransformer,TimeGPT,Mean MSE
ELD,Zero-Shot,1.6191462546527,1.6122349553563,2.0457738056861,195.0434446334839,22.9165225090192,44.64742443163964
ELD,four_weeks_tl,0.46970098882210004,0.4891330762678,0.5212843547352,0.8369934512302,,0.579277967763825
ELD,full_tl,0.2851175757755,0.32740446198600004,0.2761349128239,0.2552048244979,,0.285965443770825
GP2,Zero-Shot,1.6531845999865,1.6891515975161,1.3325940491278,232.9590916633606,22.9165225090192,52.11010888380204
GP2,four_weeks_tl,0.38853145553150004,0.4880705692247,0.4816715347646,0.4228723701089,,0.445286482407425
GP2,full_tl,0.2770908082848,0.3193408806785,0.2731097425346,0.3090642567258,,0.294651422055925
Bavaria,four_weeks_training,0.355058487168,0.49769575872969996,0.5040178265048,1.3149438891559,,0.6679289903896
Bavaria,full_training,0.2838999446132,0.3184841338583,0.3042705153334,0.2394128241576,,0.28651685449062503
Overall mean,All experiments,0.6664662643542876,0.717689429202175,0.7173570926888001,53.922628489090094,22.9165225090192,12.414645059539989
