Source,Learning_scenario,NHiTS,Transformer,TSMixer,iTransformer,TimeGPT,Mean MSE
ELD,Zero-Shot,0.0015695011522135,0.0016369136941317,0.0019538537412837,0.1950434446334839,0.0229165225090192,0.0446240471460264
ELD,four_weeks_tl,0.0005078487363954,0.0016419252877478,0.001780907922666,0.0008369934512302,,0.0011919188495098502
ELD,full_tl,0.0003172958156414,0.0013984966109009,0.0003321433305383,0.0002552048244979,,0.0005757851453946249
GP2,Zero-Shot,0.0017699847864577,0.0016734249568826,0.0013360034348751,0.2329590916633606,0.0229165225090192,0.05213100547011904
GP2,four_weeks_tl,0.0016468125160661,0.0016734249568826,0.0004500084519763,0.0004228723701089,,0.001048279573758475
GP2,full_tl,0.0016468125169481,0.0016734249568826,0.0004500084519763,0.0003090642567258,,0.0010198275456332001
Bavaria,four_weeks_training,0.0002824699067993,0.000315454461143,0.0002710774837754,0.0013149438891559,,0.0005459864352184
Bavaria,full_training,0.0003569994486993,0.0004923722237408,0.0004918036151979,0.0002394128241576,,0.00039514702794889997
Overall mean,All experiments,0.0010122156099026001,0.001313179643539,0.0008832258040361251,0.053922628489090095,0.0229165225090192,0.012691499649201111
