Source,Learning_scenario,NHiTS,Transformer,TSMixer,iTransformer,TimeGPT,Mean MSE
ELD,Zero-Shot,1.5434423006478,1.627317422059,1.7817284201693,195.0434446334839,22.9165225090192,44.58249105707584
ELD,four_weeks_tl,0.5207036397912,1.6544032811053,1.0542831380117,0.8369934512302,,1.0165958775346
ELD,full_tl,0.3258119302314,0.3136708230957,0.3556699881493,0.2552048244979,,0.31258939149357495
GP2,Zero-Shot,1.8110468014182999,1.6727964220714,1.7224499504002,232.9590916633606,22.9165225090192,52.21638146925393
GP2,four_weeks_tl,0.46815594443860004,0.4885698383669,0.5086880411881,0.4228723701089,,0.472071548525625
GP2,full_tl,0.3176960120788,0.31412003487600004,0.2690686328192,0.3090642567258,,0.30248723412495
Bavaria,four_weeks_training,0.3408353305723,0.49451475568709996,0.5015857390334001,1.3149438891559,,0.662969928612175
Bavaria,full_training,0.2776405703267,0.3145556372945,0.2870830408579,0.2394128241576,,0.279673018159175
Overall mean,All experiments,0.7006665661881376,0.8599935268194875,0.8100696188286375,53.922628489090094,22.9165225090192,12.480657440597485
