Source,Learning_scenario,NHiTS,Transformer,TSMixer,iTransformer,TimeGPT,Mean MSE
Bavaria,Zero-Shot,7.187101312797435,10.216169872423158,42.129864812767416,2.735579013824463,0.0667750591347957,12.467098014189455
Bavaria,four_weeks_tl,0.6657328727471568,0.959637129176272,0.626686401338908,0.3372935652732849,,0.6473374921339055
Bavaria,full_tl,0.4960204315555356,0.959637129176272,0.626686401338908,0.2110592126846313,,0.5733507936888367
GP2,Zero-Shot,0.7268304967314657,0.9538747820540936,1.0633175565596045,0.4504185914993286,0.0667750591347957,0.6522432971958576
GP2,four_weeks_tl,0.8953729127227825,0.9522718606639082,0.3813526331834549,0.2214540839195251,,0.6126128726224177
GP2,full_tl,0.6418297426761502,0.9522718606639082,0.3813526331834549,0.1804913431406021,,0.538986394916029
ELD,four_weeks_training,0.4427451155264012,0.9547897480482602,0.4510411106757004,0.2646385729312897,,0.5283036367954128
ELD,full_training,0.4654469783723789,0.9559360913334102,0.4721694662623162,0.1820233315229416,,0.5188939668727617
Overall mean,All experiments,0.619139792904553,0.9554883715880178,0.571800886077478,0.2639112429959433,0.0667750591347957,0.5816754934607459
