Target,TL Metric,NHiTS,Transformer,TSMixer,iTransformer
GP2,Jumpstart Zero-Shot [%],-10.64097680112701,-1.1031439691421951,-49.06236449409502,-32.25448502112079
GP2,Jumpstart Short TL [%],-5.055172936845064,-2.518764128628437,-25.332508825770105,15.464660140248565
GP2,Asymptotic [%],23.708926846449273,7.241449874508676,43.64797926584816,5.840764386292108
ELD,Jumpstart Zero-Shot [%],-39.08550652216544,0.09592097530835009,-57.58171132478454,-41.24608132839824
ELD,Jumpstart Short TL [%],-50.55187517566995,0.26440846236877036,18.274025515570756,19.500425662710974
ELD,Asymptotic [%],-27.481238804598252,0.3847882963744498,23.814397797844133,0.8487877344599548
