Target,TL Metric,NHiTS,Transformer,TSMixer,iTransformer
GP2,Jumpstart Zero-Shot [%],7.957012367410488,-4.606036856718454,-14.613725632724838,-32.25448502112079
GP2,Jumpstart Short TL [%],0.6539951038630587,-8.297126516585296,21.610916634568976,15.464660140248565
GP2,Asymptotic [%],0.028674054973221175,32.04716199819026,2.5202649253248888,5.840764386292108
ELD,Jumpstart Zero-Shot [%],-54.71973858577493,-13.359878294558868,-44.483344676717266,-41.24608132839824
ELD,Jumpstart Short TL [%],-10.605267453436284,113.68693316852001,54.072947936305304,19.500425662710974
ELD,Asymptotic [%],-4.111612823491473,225.8401666829215,5.903492714327374,0.8487877344599548
