Source,Learning_scenario,Metric,NHiTS,Transformer,TSMixer,iTransformer,TimeGPT,Mean MSE
Bavaria,Zero-Shot,MSE,10.242844864399764,9.365124323072225,11.590646121623742,2.1915979385375977,0.0667750591347957,6.691397661353625
Bavaria,four_weeks_tl,MSE,0.4277073548984353,0.9525886766449378,0.4711681415129752,0.3162519931793213,,0.5419290415589174
Bavaria,full_tl,MSE,0.2864224842484415,0.3214362401270518,0.2242990524446877,0.1852806955575943,,0.25435961809444385
GP2,Zero-Shot,MSE,0.7841474201774945,1.2432486605252662,1.3260155699766465,0.3314289450645447,0.0667750591347957,0.7503231309757494
GP2,four_weeks_tl,MSE,0.4012054968489347,0.4652023027739385,0.3128313727296182,0.2183272093534469,,0.34939159542648457
GP2,full_tl,MSE,0.2889968141043273,0.3221835656377085,0.2238209708763735,0.1794921606779098,,0.2536233778240798
ELD,four_weeks_training,MSE,0.3803170590940183,0.4070135674500552,0.3187478095238661,0.2512463927268982,,0.33933120719870946
ELD,full_training,MSE,0.279224855811709,0.3101260461946473,0.2359557776664295,0.1779294610023498,,0.2508090351687839
Overall mean,All experiments,MSE,1.6363582936978907,1.6733654228032289,1.8379356020442925,0.48144434951245785,0.0667750591347957,1.1788955834500991
