Target,TL Metric,NHiTS,Transformer,TSMixer,iTransformer
GP2,Jumpstart Zero-Shot [%],310.97041542908823,6.118839149620836,-14.613725632724838,-32.25448502112079
GP2,Jumpstart Short TL [%],283.1693122596945,2.830674923217247,21.610916634568976,15.464660140248565
GP2,Asymptotic [%],0.028674054973221175,0.04677074157182215,2.5202649253248888,5.840764386292108
ELD,Jumpstart Zero-Shot [%],-54.71973858577493,-0.6633446230959184,-44.483344676717266,-41.24608132839824
ELD,Jumpstart Short TL [%],-10.605267453436284,0.23389948822691853,54.072947936305304,19.500425662710974
ELD,Asymptotic [%],-4.111612823491473,-0.2575897847688635,5.903492714327374,0.8487877344599548
