Source,Learning_scenario,NHiTS,Transformer,TSMixer,iTransformer,TimeGPT,Mean MSE
Bavaria,Zero-Shot,14.306584525282366,10.621311955208323,13.597931550367036,2.735579013824463,0.0667750591347957,8.265636420763396
Bavaria,four_weeks_tl,0.686742977667464,0.9599299372112664,0.9284379100495012,0.3372935652732849,,0.7281010975503791
Bavaria,full_tl,0.3637200060987124,0.9472097449929174,0.2146512293222829,0.2110592126846313,,0.434160048274636
GP2,Zero-Shot,0.9585187774505058,0.9599043711693618,0.8646119454481306,0.4504185914993286,0.0667750591347957,0.6600457489404244
GP2,four_weeks_tl,0.4855093759668134,0.9513117837427306,0.3115430969989647,0.2214540839195251,,0.49245458515700846
GP2,full_tl,0.3742450738366503,0.9499237827793524,0.2142016369115262,0.1804913431406021,,0.4297154591670328
ELD,four_weeks_training,0.4340198081340233,0.9535368971363472,0.480003633638368,0.2646385729312897,,0.533049727960007
ELD,full_training,0.3588575653894974,0.9474768761518229,0.2268470149405681,0.1820233315229416,,0.4288011970012075
Overall mean,All experiments,0.5230876549348095,0.952756199026257,0.462899495329906,0.2639112429959433,0.0667750591347957,0.5294754091500994
