,Jumpstart fine_tune combined,Jumpstart zero-shot,Jumpstart fine tune GP2,Jumpstart fine tune Bavaria,Asymptotic combined,Asymptotic GP2,Asymptotic Bavaria
NHiTS,-8.237142591697078,-93.10207082259515,-5.206418635580534,-11.080075023650327,-2.9490819612635444,-3.3813377226679875,-2.5129411385487854
Transformer,-42.58482761445107,-92.32656000916684,-12.508264679024961,-57.27289464708145,-3.630670337700348,-3.742437768107565,-3.518643052797654
iTransformer,-6.002182076472584,-80.08373241206277,15.077911484756301,-20.555001029057106,-2.443694501503557,-0.8706228002704708,-3.9676203357944417
TSMixer,-18.6867329039605,-95.06454814511174,1.8912543018380523,-32.34945628956785,5.309187443907648,5.421657650104028,5.196956962007837
