Source,Learning_scenario,NHiTS,Transformer,TSMixer,iTransformer,TimeGPT,Mean MSE
Bavaria,Zero-Shot,13.825130161027367,8.12027807819778,11.422988647298796,2.4932823181152344,0.08251036896274,7.1888379147203825
Bavaria,four_weeks_tl,1.0334825774542375,1.1505572696708457,0.9793752476545748,0.60429447889328,,0.9419273934182345
Bavaria,full_tl,1.0334829047894347,1.1505572696708457,0.9793752476545748,0.4677992463111877,,0.9078036671065107
ELD,Zero-Shot,0.9210195312007472,0.986174980018431,1.1791502460701155,0.8662102222442627,0.08251036896274,0.8070130696992592
ELD,four_weeks_tl,0.8668340150900253,1.0004961893262114,0.8044079759003258,0.5082235336303711,,0.7949904284867334
ELD,full_tl,0.8066149498906389,0.9751136889732298,0.5787416771735309,0.4514532387256622,,0.7029808886907655
GP2,four_weeks_training,0.8230140565518269,0.9752960502011684,0.6006312544101771,0.5868185758590698,,0.7464399842555605
GP2,full_training,0.997854698292734,1.0457260579796988,0.8313507244290556,0.4778215587139129,,0.8381882598538503
Overall mean,All experiments,0.9260432476099493,1.0405602151200617,0.850433196184622,0.5660886934825352,0.08251036896274,0.8199062416444163
