Source,Learning_scenario,NHiTS,Transformer,TSMixer,iTransformer,TimeGPT,Mean MSE
Bavaria,Zero-Shot,9.311762102343264,7.904744014007735,8.562086879444296,2.4932823181152344,0.08251036896274,5.670877136574654
Bavaria,four_weeks_tl,1.0353018961833207,1.070691068113613,0.8620052367612256,0.60429447889328,,0.8930731699878598
Bavaria,full_tl,0.9754407521902534,1.0247578687688723,0.7103161193444044,0.4677992463111877,,0.7945784966536794
ELD,Zero-Shot,0.92745635006066,0.986888309828324,1.369672068730133,0.8662102222442627,0.08251036896274,0.846547463965224
ELD,four_weeks_tl,1.0352744302104553,0.98744614501322,0.8183284128932674,0.5082235336303711,,0.8373181304368285
ELD,full_tl,0.9760734104914028,0.9759962872024864,0.5775454911170101,0.4514532387256622,,0.7452671068841403
GP2,four_weeks_training,0.9689451829824848,1.042320596942954,0.8523807744112486,0.5868185758590698,,0.8626162825489393
GP2,full_training,0.8550407580854252,0.9756253978996868,0.5958517462396534,0.4778215587139129,,0.7260848652346696
Overall mean,All experiments,2.0106618603184083,1.8710587109721115,1.7935233411176548,0.8069878965616226,0.08251036896274,1.4220453315357493
