Source,Learning_scenario,Metric,NHiTS,Transformer,TSMixer,iTransformer,TimeGPT,Mean MSE
Bavaria,Zero-Shot,MSE,466.38008264475377,7.924193718315696,7.015850662095455,2.3386478424072266,0.08251036896274,96.74825704730696
Bavaria,four_weeks_tl,MSE,1.0161503931504063,1.129053872398746,0.9052536036458269,0.5945442914962769,,0.9112505401728139
Bavaria,full_tl,MSE,0.6589085738663264,0.6520666518202648,0.7353447351529786,0.4583266377449035,,0.6261616496461183
ELD,Zero-Shot,MSE,0.9489661906820328,1.3453649895936524,1.3670147351198705,0.6841549277305603,0.08251036896274,0.8856022424177713
ELD,four_weeks_tl,MSE,0.8191467262055364,0.8848304722928042,0.9136487569734862,0.5096679329872131,,0.78182347211476
ELD,full_tl,MSE,1.2703678782286985,0.6420560814235938,0.7207160857957285,0.4659085273742676,,0.7747621432055721
GP2,four_weeks_training,MSE,0.8243513302894572,0.8735304195331699,1.1296785031419785,0.5536304116249084,,0.8452976661473786
GP2,full_training,MSE,0.659480420719335,0.6337948254627981,0.7601057086718802,0.4660432040691376,,0.6298560397307877
Overall mean,All experiments,MSE,59.07218176973694,1.7606113788550908,1.6934515988246506,0.7588654719293118,0.08251036896274,12.77537635009277
